{"cameraMode":{"drawMode":0,"name":"Shaded","section":"Shading Mode"},"sceneLighting":false,"audioPlay":false,"sceneViewState":{"showFog":true,"showMaterialUpdate":false,"showSkybox":false,"showFlares":true,"showImageEffects":true,"showParticleSystems":true},"in2DMode":false,"pivot":{"x":-7.597530841827393,"y":28.595829010009767,"z":2.5840814113616945},"rotation":{"x":0.23088477551937104,"y":0.4217073917388916,"z":-0.11195750534534455,"w":0.8696674704551697},"size":2.052508592605591,"orthographic":false}